N,archivo_original,archivo_zip,ancho,alto,bytes
1,a_clean_cinematic_gym_instructional_collage_in_a.png,001.jpg,1200,800,102395
2,a_clean_composite_fitness_instructional_scene_a_w.png,002.jpg,1200,800,132793
3,a_clean_composite_instructional_fitness_image_in_a.png,003.jpg,1200,800,115180
4,a_clean_composite_instructional_fitness_infographi.png,004.jpg,1200,800,107446
5,a_clean_gym_instruction_style_composite_image_wit.png,005.jpg,1200,800,129272
6,a_clean_gym_instructional_collage_a_wide_crisp.png,006.jpg,1200,800,139377
7,a_clean_gym_instructional_collage_composite_image.png,007.jpg,1200,800,136559
8,a_clean_gym_instructional_collage_image_wide_hig.png,008.jpg,1200,800,143219
9,a_clean_gym_instructional_composite_image_montage.png,009.jpg,1200,800,106675
10,a_clean_gym_instructional_montage_image_overall.png,010.jpg,1200,800,110357
11,a_clean_high_detail_fitness_instructional_composi.png,011.jpg,1200,800,134368
12,a_clean_high_detail_gym_instructional_montage_wit.png,012.jpg,1200,800,144029
13,a_clean_high_end_gym_instructional_collage_infogr.png,013.jpg,1200,800,148791
14,a_clean_high_quality_composite_fitness_instructio.png,014.jpg,1200,800,129413
15,a_clean_high_quality_composite_fitness_instructio_2.png,015.jpg,1200,800,137398
16,a_clean_high_quality_composite_gym_instructional.png,016.jpg,1200,800,150402
17,a_clean_high_quality_gym_instructional_composite.png,017.jpg,1200,800,112310
18,a_clean_high_quality_gym_instructional_composite_2.png,018.jpg,1200,800,128034
19,a_clean_high_resolution_collage_diagram_style_gym.png,019.jpg,1200,800,106013
20,a_clean_high_resolution_composite_fitness_gym_ins.png,020.jpg,1200,800,97696
21,a_clean_high_resolution_composite_fitness_infogra.png,021.jpg,1200,800,136885
22,a_clean_high_resolution_composite_fitness_instruc.png,022.jpg,1200,800,112947
23,a_clean_high_resolution_composite_gym_instruction.png,023.jpg,1200,800,117875
24,a_clean_high_resolution_composite_gym_instruction_2.png,024.jpg,1200,800,100241
25,a_clean_high_resolution_composite_gym_instruction_3.png,025.jpg,1200,800,107103
26,a_clean_high_resolution_composite_gym_instruction_4.png,026.jpg,1200,800,144770
27,a_clean_high_resolution_composite_gym_instruction_5.png,027.jpg,1200,800,143835
28,a_clean_high_resolution_composite_gym_instruction_6.png,028.jpg,1200,800,129821
29,a_clean_high_resolution_composite_instructional_f.png,029.jpg,1200,800,105948
30,a_clean_high_resolution_composite_instructional_f_2.png,030.jpg,1200,800,130717
31,a_clean_high_resolution_composite_instructional_g.png,031.jpg,1200,800,112117
32,a_clean_high_resolution_composite_instructional_g_2.png,032.jpg,1200,800,135125
33,a_clean_high_resolution_composite_workout_instruc.png,033.jpg,1200,800,141546
34,a_clean_high_resolution_fitness_instructional_com.png,034.jpg,1200,800,106554
35,a_clean_high_resolution_fitness_tutorial_style_co.png,035.jpg,1200,800,114364
36,a_clean_high_resolution_gym_instructional_collag.png,036.jpg,1200,800,115872
37,a_clean_high_resolution_gym_instructional_collag_2.png,037.jpg,1200,800,106408
38,a_clean_high_resolution_gym_instructional_collag_3.png,038.jpg,1200,800,128696
39,a_clean_high_resolution_gym_instructional_collag_4.png,039.jpg,1200,800,136927
40,a_clean_high_resolution_gym_instructional_collag_5.png,040.jpg,1200,800,110236
41,a_clean_high_resolution_gym_instructional_collage.png,041.jpg,1200,800,109720
42,a_clean_high_resolution_gym_instructional_collage_10.png,042.jpg,1200,800,130947
43,a_clean_high_resolution_gym_instructional_collage_11.png,043.jpg,1200,800,118978
44,a_clean_high_resolution_gym_instructional_collage_12.png,044.jpg,1200,800,125773
45,a_clean_high_resolution_gym_instructional_collage_13.png,045.jpg,1200,800,120165
46,a_clean_high_resolution_gym_instructional_collage_2.png,046.jpg,1200,800,100446
47,a_clean_high_resolution_gym_instructional_collage_3.png,047.jpg,1200,800,119322
48,a_clean_high_resolution_gym_instructional_collage_4.png,048.jpg,1200,800,114972
49,a_clean_high_resolution_gym_instructional_collage_5.png,049.jpg,1200,800,119039
50,a_clean_high_resolution_gym_instructional_collage_6.png,050.jpg,1200,800,132474
51,a_clean_high_resolution_gym_instructional_collage_7.png,051.jpg,1200,800,132793
52,a_clean_high_resolution_gym_instructional_collage_8.png,052.jpg,1200,800,143280
53,a_clean_high_resolution_gym_instructional_collage_9.png,053.jpg,1200,800,123586
54,a_clean_high_resolution_gym_instructional_compos.png,054.jpg,1200,800,115996
55,a_clean_high_resolution_gym_instructional_compos_2.png,055.jpg,1200,800,116894
56,a_clean_high_resolution_gym_instructional_composi.png,056.jpg,1200,800,110698
57,a_clean_high_resolution_gym_instructional_composi_2.png,057.jpg,1200,800,108960
58,a_clean_high_resolution_gym_instructional_composi_3.png,058.jpg,1200,800,120012
59,a_clean_high_resolution_gym_instructional_composi_4.png,059.jpg,1200,800,109782
60,a_clean_high_resolution_gym_instructional_composi_5.png,060.jpg,1200,800,118197
61,a_clean_high_resolution_gym_instructional_composi_6.png,061.jpg,1200,800,141237
62,a_clean_high_resolution_instructional_collage_ima.png,062.jpg,1200,800,111101
63,a_clean_high_resolution_instructional_collage_ima_2.png,063.jpg,1200,800,124892
64,a_clean_high_resolution_instructional_fitness_co.png,064.jpg,1200,800,113941
65,a_clean_high_resolution_instructional_fitness_col.png,065.jpg,1200,800,121793
66,a_clean_high_resolution_instructional_gym_collage.png,066.jpg,1200,800,146345
67,a_clean_high_resolution_instructional_gym_composi.png,067.jpg,1200,800,124754
68,a_clean_high_resolution_instructional_gym_composi_2.png,068.jpg,1200,800,133888
69,a_clean_high_resolution_multi_panel_fitness_instr.png,069.jpg,1200,800,136795
70,a_clean_high_resolution_multi_panel_gym_instruct.png,070.jpg,1200,800,141855
71,a_clean_high_resolution_multi_panel_instructiona.png,071.jpg,1200,800,133642
72,a_clean_highly_detailed_gym_instructional_collage.png,072.jpg,1200,800,118261
73,a_clean_instructional_gym_collage_image_with_two_s.png,073.jpg,1200,800,158479
74,a_clean_instructional_gym_collage_infographic_scen.png,074.jpg,1200,800,111986
75,a_clean_multi_panel_gym_instructional_collage_ove.png,075.jpg,1200,800,138872
76,a_clean_professional_fitness_infographic_style_co.png,076.jpg,1200,800,105075
77,a_clean_professional_fitness_instructional_compos.png,077.jpg,1200,800,119155
78,a_clean_professional_fitness_instructional_compos_2.png,078.jpg,1200,800,128485
79,a_clean_professional_gym_instructional_collage_fi.png,079.jpg,1200,800,128549
80,a_clean_professional_gym_instructional_collage_im.png,080.jpg,1200,800,112381
81,a_clean_professional_gym_instructional_collage_im_2.png,081.jpg,1200,800,117977
82,a_clean_professional_gym_instructional_collage_im_3.png,082.jpg,1200,800,134124
83,a_clean_professional_gym_instructional_collage_im_4.png,083.jpg,1200,800,137008
84,a_clean_professional_gym_instructional_composite.png,084.jpg,1200,800,102062
85,a_clean_professional_gym_instructional_composite_2.png,085.jpg,1200,800,133814
86,a_clean_realistic_gym_instructional_composite_ima.png,086.jpg,1200,800,121007
87,a_clean_sharp_gym_instructional_collage_photograp.png,087.jpg,1200,800,114793
88,a_clean_studio_like_gym_instructional_collage_com.png,088.jpg,1200,800,108861
89,a_clean_well_lit_gym_instructional_montage_image.png,089.jpg,1200,800,121343
90,a_composite_gym_instructional_collage_image_overa.png,090.jpg,1200,800,108730
91,a_composite_gym_instructional_fitness_collage_in_a.png,091.jpg,1200,800,133742
92,a_composite_instructional_fitness_image_in_a_gym_s.png,092.jpg,1200,800,115890
93,a_composite_instructional_fitness_image_in_a_moder.png,093.jpg,1200,800,109555
94,a_composite_instructional_gym_montage_in_a_realist.png,094.jpg,1200,800,107512
95,a_composite_instructional_gym_workout_image_in_a_c.png,095.jpg,1200,800,112673
96,a_composite_instructional_style_gym_montage_a_cle.png,096.jpg,1200,800,121025
97,a_crisp_high_resolution_composite_gym_instruction.png,097.jpg,1200,800,114022
98,a_crisp_high_resolution_composite_gym_instruction_2.png,098.jpg,1200,800,135304
99,a_crisp_high_resolution_fitness_instructional_com.png,099.jpg,1200,800,117940
100,a_crisp_high_resolution_gym_triptych_composite_in.png,100.jpg,1200,800,136067
101,a_detailed_gym_instructional_composite_image_over.png,101.jpg,1200,800,130548
102,a_high_quality_photo_realistic_fitness_instructio.png,102.jpg,1200,800,140688
103,a_high_resolution_cinematic_gym_instructional_col.png,103.jpg,1200,800,154926
104,a_high_resolution_composite_gym_instructional_imag.png,104.jpg,1200,800,113015
105,a_high_resolution_composite_instructional_fitness.png,105.jpg,1200,800,108128
106,a_high_resolution_composite_instructional_fitness_2.png,106.jpg,1200,800,128330
107,a_high_resolution_composite_instructional_gym_phot.png,107.jpg,1200,800,131051
108,a_high_resolution_gym_instructional_collage_image.png,108.jpg,1200,800,133067
109,a_high_resolution_gym_instructional_collage_image_2.png,109.jpg,1200,800,133026
110,a_high_resolution_gym_instructional_collage_image_3.png,110.jpg,1200,800,124800
111,a_high_resolution_gym_instructional_collage_series.png,111.jpg,1200,800,141454
112,a_high_resolution_gym_instructional_composite_imag.png,112.jpg,1200,800,140913
113,a_high_resolution_gym_internal_instructional_sty.png,113.jpg,1200,800,130648
114,a_high_resolution_instructional_fitness_collage_in.png,114.jpg,1200,800,135238
115,a_high_resolution_multi_panel_gym_instructional_c.png,115.jpg,1200,800,138924
116,a_high_resolution_well_lit_gym_instructional_mont.png,116.jpg,1200,800,143612
117,a_large_composite_instructional_fitness_image_in_a.png,117.jpg,1200,800,139427
118,a_large_composite_instructional_fitness_image_in_a_2.png,118.jpg,1200,800,139217
119,a_multi_panel_collage_image_in_a_clean_gym_environ.png,119.jpg,1200,800,128886
120,a_multi_panel_gym_instructional_composite_image_wi.png,120.jpg,1200,800,121354
121,a_multi_panel_gym_instructional_scene_with_a_clean.png,121.jpg,1200,800,124751
122,a_polished_high_resolution_composite_fitness_inst.png,122.jpg,1200,800,114094
123,a_wide_cinematic_gym_tutorial_style_composite_ima.png,123.jpg,1200,800,122318
124,a_wide_cinematic_professional_gym_instructional.png,124.jpg,1200,800,141762
125,a_wide_clean_composite_fitness_gym_instructional.png,125.jpg,1200,800,129105
126,a_wide_clean_composite_fitness_instructional_imag.png,126.jpg,1200,800,112485
127,a_wide_clean_gym_instruction_style_composite_imag.png,127.jpg,1200,800,116260
128,a_wide_clean_gym_instructional_collage_diagram_sc.png,128.jpg,1200,800,147445
129,a_wide_clean_gym_instructional_collage_image_ove.png,129.jpg,1200,800,115169
130,a_wide_clean_gym_instructional_collage_image_with.png,130.jpg,1200,800,125681
131,a_wide_clean_gym_instructional_collage_infographi.png,131.jpg,1200,800,118060
132,a_wide_clean_gym_instructional_collage_scene_in_a.png,132.jpg,1200,800,111732
133,a_wide_clean_gym_instructional_collage_scene_spl.png,133.jpg,1200,800,120217
134,a_wide_clean_gym_instructional_composite_image_w.png,134.jpg,1200,800,134254
135,a_wide_clean_gym_instructional_composite_image_wi.png,135.jpg,1200,800,139590
136,a_wide_clean_gym_instructional_montage_scene_hig.png,136.jpg,1200,800,142226
137,a_wide_clean_gym_interior_composite_instructiona.png,137.jpg,1200,800,138601
138,a_wide_clean_gym_tutorial_style_composite_image.png,138.jpg,1200,800,123516
139,a_wide_clean_high_quality_fitness_instructional.png,139.jpg,1200,800,105167
140,a_wide_clean_high_quality_gym_instructional_coll.png,140.jpg,1200,800,109867
141,a_wide_clean_high_quality_gym_instructional_mont.png,141.jpg,1200,800,117308
142,a_wide_clean_high_resolution_composite_fitness_i.png,142.jpg,1200,800,145420
143,a_wide_clean_high_resolution_composite_gym_instr.png,143.jpg,1200,800,109949
144,a_wide_clean_high_resolution_composite_gym_instr_2.png,144.jpg,1200,800,113975
145,a_wide_clean_high_resolution_composite_gym_instr_3.png,145.jpg,1200,800,133041
146,a_wide_clean_high_resolution_composite_gym_instr_4.png,146.jpg,1200,800,115940
147,a_wide_clean_high_resolution_gym_instructional_c.png,147.jpg,1200,800,105724
148,a_wide_clean_high_resolution_gym_instructional_c_10.png,148.jpg,1200,800,123424
149,a_wide_clean_high_resolution_gym_instructional_c_2.png,149.jpg,1200,800,115899
150,a_wide_clean_high_resolution_gym_instructional_c_3.png,150.jpg,1200,800,132737
151,a_wide_clean_high_resolution_gym_instructional_c_4.png,151.jpg,1200,800,141391
152,a_wide_clean_high_resolution_gym_instructional_c_5.png,152.jpg,1200,800,132426
153,a_wide_clean_high_resolution_gym_instructional_c_6.png,153.jpg,1200,800,131936
154,a_wide_clean_high_resolution_gym_instructional_c_7.png,154.jpg,1200,800,136551
155,a_wide_clean_high_resolution_gym_instructional_c_8.png,155.jpg,1200,800,143730
156,a_wide_clean_high_resolution_gym_instructional_c_9.png,156.jpg,1200,800,135336
157,a_wide_clean_high_resolution_gym_instructional_m.png,157.jpg,1200,800,145118
158,a_wide_clean_high_resolution_instructional_fitne.png,158.jpg,1200,800,119249
159,a_wide_clean_high_resolution_instructional_gym_c.png,159.jpg,1200,800,106267
160,a_wide_clean_instructional_gym_montage_composite.png,160.jpg,1200,800,114542
161,a_wide_clean_modern_gym_instructional_collage_in.png,161.jpg,1200,800,143937
162,a_wide_clean_modern_gym_instructional_montage_im.png,162.jpg,1200,800,138142
163,a_wide_clean_professional_gym_instructional_coll.png,163.jpg,1200,800,118679
164,a_wide_clean_professional_gym_instructional_coll_2.png,164.jpg,1200,800,113492
165,a_wide_clean_professional_gym_instructional_coll_3.png,165.jpg,1200,800,145036
166,a_wide_clean_professional_gym_instructional_comp.png,166.jpg,1200,800,118530
167,a_wide_clean_realistic_gym_instructional_collage.png,167.jpg,1200,800,127940
168,a_wide_clean_studio_like_gym_instructional_compo.png,168.jpg,1200,800,119849
169,a_wide_clear_instructional_fitness_collage_scene.png,169.jpg,1200,800,131819
170,a_wide_composite_fitness_instructional_collage_in.png,170.jpg,1200,800,147409
171,a_wide_composite_fitness_instructional_image_in_a.png,171.jpg,1200,800,138825
172,a_wide_composite_fitness_instructional_image_in_a_2.png,172.jpg,1200,800,148056
173,a_wide_composite_fitness_instructional_image_in_a_3.png,173.jpg,1200,800,140438
174,a_wide_composite_fitness_instructional_image_in_a_4.png,174.jpg,1200,800,128629
175,a_wide_composite_fitness_instructional_image_in_a_5.png,175.jpg,1200,800,104437
176,a_wide_composite_gym_infographic_image_split_into.png,176.jpg,1200,800,149619
177,a_wide_composite_gym_instructional_collage_image.png,177.jpg,1200,800,125363
178,a_wide_composite_gym_instructional_collage_without.png,178.jpg,1200,800,116539
179,a_wide_composite_gym_instructional_fitness_image.png,179.jpg,1200,800,146128
180,a_wide_composite_gym_instructional_fitness_montag.png,180.jpg,1200,800,132971
181,a_wide_composite_gym_instructional_image_collage.png,181.jpg,1200,800,115901
182,a_wide_composite_gym_instructional_image_divided_i.png,182.jpg,1200,800,139012
183,a_wide_composite_gym_instructional_image_in_a_cle.png,183.jpg,1200,800,118707
184,a_wide_composite_gym_instructional_image_in_a_clea.png,184.jpg,1200,800,113624
185,a_wide_composite_gym_instructional_image_in_a_clea_2.png,185.jpg,1200,800,100001
186,a_wide_composite_gym_instructional_image_in_a_clea_3.png,186.jpg,1200,600,112898
187,a_wide_composite_gym_instructional_image_overall.png,187.jpg,1200,800,114605
188,a_wide_composite_gym_instructional_image_overall_2.png,188.jpg,1200,800,138935
189,a_wide_composite_gym_instructional_image_with_a_cl.png,189.jpg,1200,800,110990
190,a_wide_composite_gym_instructional_image_with_a_cl_2.png,190.jpg,1200,800,116736
191,a_wide_composite_gym_instructional_image_with_a_cl_3.png,191.jpg,1200,800,109882
192,a_wide_composite_gym_instructional_montage._overa.png,192.jpg,1200,800,140460
193,a_wide_composite_gym_instructional_scene_divided.png,193.jpg,1200,800,129455
194,a_wide_composite_gym_instructional_style_image_in.png,194.jpg,1200,800,149176
195,a_wide_composite_gym_instructional_style_image_ov.png,195.jpg,1200,800,115568
196,a_wide_composite_image_in_a_gym_setting_with_a_cle.png,196.jpg,1200,800,147615
197,a_wide_composite_infographic_style_gym_exercise_im.png,197.jpg,1200,800,100789
198,a_wide_composite_instructional_fitness_image_in_a.png,198.jpg,1200,800,100751
199,a_wide_composite_instructional_fitness_image_in_a_2.png,199.jpg,1200,800,110862
200,a_wide_composite_instructional_fitness_image_in_a_3.png,200.jpg,1200,800,140343
201,a_wide_composite_instructional_fitness_image_in_a_4.png,201.jpg,1200,800,129618
202,a_wide_composite_instructional_fitness_image_in_a_5.png,202.jpg,1200,600,104474
203,a_wide_composite_instructional_fitness_montage_in.png,203.jpg,1200,800,124759
204,a_wide_composite_instructional_gym_image_collage.png,204.jpg,1200,800,113256
205,a_wide_composite_instructional_gym_image_overall.png,205.jpg,1200,800,108808
206,a_wide_composite_instructional_style_gym_image_wi.png,206.jpg,1200,800,121270
207,a_wide_composite_strip_image_in_a_gym_setting_ov.png,207.jpg,1200,800,120139
208,a_wide_crisp_realistic_gym_instructional_collage.png,208.jpg,1200,800,139804
209,a_wide_gym_instruction_style_composite_image_ove.png,209.jpg,1200,800,110508
210,a_wide_gym_instruction_style_composite_image_with.png,210.jpg,1200,800,150815
211,a_wide_gym_instructional_collage_image_overall_sc.png,211.jpg,1200,800,137582
212,a_wide_gym_instructional_collage_overall_scene_a.png,212.jpg,1200,800,147249
213,a_wide_gym_instructional_collage_scene_overall_a.png,213.jpg,1200,800,140957
214,a_wide_gym_instructional_composite_image_arranged.png,214.jpg,1200,800,125858
215,a_wide_gym_instructional_composite_image_in_a_clea.png,215.jpg,1200,800,130982
216,a_wide_gym_interior_collage_composite_image_showin.png,216.jpg,1200,800,127284
217,a_wide_gym_interior_composite_image_in_a_triptych.png,217.jpg,1200,800,129756
218,a_wide_gym_interior_triptych_three_panel_composite.png,218.jpg,1200,800,133036
219,a_wide_gym_interior_triptych_three_panel_instruct.png,219.jpg,1200,800,129414
220,a_wide_high_detail_composite_training_infographic.png,220.jpg,1200,800,112566
221,a_wide_high_quality_gym_instructional_composite_i.png,221.jpg,1200,800,127638
222,a_wide_high_resolution_cinematic_gym_scene_split.png,222.jpg,1200,800,132928
223,a_wide_high_resolution_composite_fitness_gym_inst.png,223.jpg,1200,800,138062
224,a_wide_high_resolution_composite_fitness_instruct.png,224.jpg,1200,800,109234
225,a_wide_high_resolution_composite_fitness_instruct_2.png,225.jpg,1200,800,130811
226,a_wide_high_resolution_composite_gym_instructiona.png,226.jpg,1200,800,138753
227,a_wide_high_resolution_composite_gym_instructiona_2.png,227.jpg,1200,800,149005
228,a_wide_high_resolution_composite_gym_instructiona_3.png,228.jpg,1200,800,159654
229,a_wide_high_resolution_composite_gym_instructiona_4.png,229.jpg,1200,800,140333
230,a_wide_high_resolution_composite_gym_instructiona_5.png,230.jpg,1200,800,126288
231,a_wide_high_resolution_composite_instructional_fi.png,231.jpg,1200,800,135739
232,a_wide_high_resolution_composite_instructional_fi_2.png,232.jpg,1200,800,139227
233,a_wide_high_resolution_gym_instructional_collage.png,233.jpg,1200,800,120029
234,a_wide_high_resolution_gym_instructional_collage_2.png,234.jpg,1200,800,118666
235,a_wide_high_resolution_gym_instructional_collage_3.png,235.jpg,1200,800,149214
236,a_wide_high_resolution_gym_instructional_collage_4.png,236.jpg,1200,800,148908
237,a_wide_high_resolution_gym_instructional_collage_5.png,237.jpg,1200,800,122962
238,a_wide_high_resolution_gym_instructional_composit.png,238.jpg,1200,800,130871
239,a_wide_high_resolution_gym_instructional_composit_2.png,239.jpg,1200,800,149944
240,a_wide_high_resolution_gym_instructional_composit_3.png,240.jpg,1200,800,134962
241,a_wide_high_resolution_gym_instructional_composit_4.png,241.jpg,1200,800,153405
242,a_wide_high_resolution_gym_instructional_montage.png,242.jpg,1200,800,139512
243,a_wide_high_resolution_gym_tutorial_collage_scene.png,243.jpg,1200,800,101068
244,a_wide_high_resolution_instructional_fitness_coll.png,244.jpg,1200,800,138133
245,a_wide_high_resolution_instructional_fitness_comp.png,245.jpg,1200,800,151066
246,a_wide_high_resolution_instructional_gym_composit.png,246.jpg,1200,800,126273
247,a_wide_high_resolution_instructional_gym_montage.png,247.jpg,1200,800,128255
248,a_wide_infographic_style_gym_scene_with_multiple_p.png,248.jpg,1200,800,108613
249,a_wide_multi_panel_gym_instructional_composite_im.png,249.jpg,1200,800,110341
250,a_wide_polished_gym_instructional_collage_image_w.png,250.jpg,1200,800,111906
251,a_wide_professional_gym_instructional_collage_ima.png,251.jpg,1200,800,115965
252,a_wide_professional_gym_instructional_collage_ima_2.png,252.jpg,1200,800,124387
253,a_wide_professional_gym_instructional_collage_inf.png,253.jpg,1200,800,121138
254,a_wide_professional_gym_instructional_composite_i.png,254.jpg,1200,800,148462
255,a_wide_professional_gym_interior_scene_in_a_tript.png,255.jpg,1200,800,134526
256,a_wide_realistic_gym_illustration_composite_scene.png,256.jpg,1200,800,110859
257,a_wide_split_panel_fitness_instructional_composit.png,257.jpg,1200,800,136681
258,a_wide_split_panel_gym_instructional_composite_im.png,258.jpg,1200,800,141925
259,a_wide_well_lit_gym_interior_scene_with_a_triptyc.png,259.jpg,1200,800,124579
260,a_widescreen_clean_high_resolution_fitness_instr.png,260.jpg,1200,800,107103
261,a_widescreen_gym_instructional_collage_infographic.png,261.jpg,1200,800,105399
262,wide_cinematic_gym_instructional_collage_a_clean.png,262.jpg,1200,800,106882
263,wide_cinematic_gym_instructional_collage_composit.png,263.jpg,1200,800,131903
264,wide_cinematic_gym_instructional_collage_infogra.png,264.jpg,1200,800,130948
265,wide_clean_composite_fitness_instructional_image.png,265.jpg,1200,800,115719
266,wide_clean_composite_fitness_instructional_image_2.png,266.jpg,1200,800,131259
267,wide_clean_composite_gym_instructional_image_in_a.png,267.jpg,1200,800,134591
268,wide_clean_gym_instructional_collage_a_triptych.png,268.jpg,1200,800,139944
269,wide_clean_gym_instructional_composite_image_in_a.png,269.jpg,1200,800,147135
270,wide_clean_high_resolution_gym_instructional_mon.png,270.jpg,1200,800,141624
271,wide_collage_in_a_gym_setting_a_clean_high_resol.png,271.jpg,1200,800,118253
272,wide_composite_fitness_infographic_photo_panel_in.png,272.jpg,1200,800,149768
273,wide_composite_fitness_instructional_image_in_a_gy.png,273.jpg,1200,800,135440
274,wide_composite_fitness_instructional_scene_in_a_gy.png,274.jpg,1200,800,146463
275,wide_composite_gym_instructional_collage_with_a_fi.png,275.jpg,1200,800,131172
276,wide_composite_gym_instructional_image_a_clean_p.png,276.jpg,1200,800,111415
277,wide_composite_gym_instructional_image_clean_phot.png,277.jpg,1200,800,139202
278,wide_composite_gym_instructional_image_clean_prof.png,278.jpg,1200,800,112549
279,wide_composite_gym_instructional_image_clean_real.png,279.jpg,1200,800,123533
280,wide_composite_gym_instructional_image_in_a_clean.png,280.jpg,1200,800,114075
281,wide_composite_gym_instructional_image_in_a_clean_2.png,281.jpg,1200,800,114347
282,wide_composite_gym_instructional_image_in_a_clean_3.png,282.jpg,1200,800,147016
283,wide_composite_gym_instructional_image_in_a_clean_4.png,283.jpg,1200,800,141149
284,wide_composite_gym_instructional_image_studio_ren.png,284.jpg,1200,800,135450
285,wide_composite_gym_instructional_image_with_a_clea.png,285.jpg,1200,800,130206
286,wide_composite_gym_instructional_image_with_a_clea_2.png,286.jpg,1200,800,133049
287,wide_composite_gym_instructional_image_with_multip.png,287.jpg,1200,800,139674
288,wide_composite_gym_instructional_panel_a_clean_h.png,288.jpg,1200,800,106057
289,wide_composite_gym_instructional_scene_a_clean_h.png,289.jpg,1200,800,102845
290,wide_composite_image_arranged_in_a_clean_grid_gym.png,290.jpg,1200,800,118327
291,wide_composite_image_collage_of_a_gym_exercise_d.png,291.jpg,1200,800,100662
292,wide_composite_instructional_fitness_image_in_a_gy.png,292.jpg,1200,800,103836
293,wide_composite_instructional_fitness_image_in_a_gy_2.png,293.jpg,1200,800,125837
294,wide_composite_instructional_fitness_image_in_a_mo.png,294.jpg,1200,800,144000
295,wide_composite_instructional_gym_image_high_resol.png,295.jpg,1200,800,145951
296,wide_composite_instructional_gym_image_in_a_clean.png,296.jpg,1200,800,124118
297,wide_composite_instructional_gym_image_in_a_clean_2.png,297.jpg,1200,800,137432
298,wide_composite_instructional_gym_image_with_multip.png,298.jpg,1200,800,113776
299,wide_composite_instructional_gym_scene_a_clean_h.png,299.jpg,1200,800,130891
300,wide_crisp_photographic_cg_style_gym_scene_in_a_t.png,300.jpg,1200,800,128569
301,wide_gym_composite_triptych_scene_three_panel_ima.png,301.jpg,1200,800,137949
302,wide_gym_infographic_style_composite_image_overal.png,302.jpg,1200,800,111151
303,wide_gym_instructional_collage_illustration_scene.png,303.jpg,1200,800,136090
304,wide_gym_instructional_collage_image_a_clean_hig.png,304.jpg,1200,800,116888
305,wide_gym_instructional_collage_image_a_clean_hig_2.png,305.jpg,1200,800,126400
306,wide_gym_instructional_collage_image_clean_and_re.png,306.jpg,1200,800,102722
307,wide_gym_instructional_collage_image_crisp_realis.png,307.jpg,1200,800,145923
308,wide_gym_instructional_collage_image_high_quality.png,308.jpg,1200,800,147343
309,wide_gym_instructional_collage_image_in_a_clean_m.png,309.jpg,1200,800,128893
310,wide_gym_instructional_collage_scene_a_clean_hig.png,310.jpg,1200,800,123172
311,wide_gym_instructional_collage_scene_a_clean_hig_2.png,311.jpg,1200,800,138915
312,wide_gym_instructional_collage_scene_a_clean_mod.png,312.jpg,1200,800,141081
313,wide_gym_instructional_collage_scene_bright_moder.png,313.jpg,1200,800,146175
314,wide_gym_instructional_collage_scene_with_a_clean.png,314.jpg,1200,800,110075
315,wide_gym_instructional_composite_image_a_clean_h.png,315.jpg,1200,800,116455
316,wide_gym_instructional_composite_image_a_clean_m.png,316.jpg,1200,800,128400
317,wide_gym_instructional_composite_image_a_clean_p.png,317.jpg,1200,800,113733
318,wide_gym_instructional_composite_image_clean_high.png,318.jpg,1200,800,125590
319,wide_gym_instructional_composite_image_in_a_single.png,319.jpg,1200,800,106064
320,wide_gym_instructional_composite_image_three_pane.png,320.jpg,1200,800,134757
321,wide_gym_instructional_composite_image_with_a_clea.png,321.jpg,1200,800,131733
322,wide_gym_instructional_composite_image_with_a_clea_2.png,322.jpg,1200,800,114667
323,wide_gym_instructional_composite_image_with_three.png,323.jpg,1200,800,128685
324,wide_gym_instructional_montage_image_bright_moder.png,324.jpg,1200,800,133465
325,wide_gym_instructional_montage_scene_a_clean_mod.png,325.jpg,1200,800,140095
326,wide_gym_instructional_triptych_scene_a_clean_mo.png,326.jpg,1200,800,111362
327,wide_gym_instructional_triptych_scene_a_clean_pr.png,327.jpg,1200,800,131653
328,wide_gym_instructional_triptych_scene_a_high_reso.png,328.jpg,1200,800,125977
329,wide_gym_instructional_triptych_scene_a_realistic.png,329.jpg,1200,800,127610
330,wide_gym_instructional_triptych_style_image_an_in.png,330.jpg,1200,800,136616
331,wide_gym_interior_triptych_composite_image_a_clea.png,331.jpg,1200,800,136888
332,wide_gym_interior_triptych_composite_scene_three.png,332.jpg,1200,800,136646
333,wide_gym_interior_triptych_style_composite_image.png,333.jpg,1200,800,112507
334,wide_gym_scene_in_a_triptych_three_panel_composite.png,334.jpg,1200,800,123251
335,wide_gym_scene_triptych_collage_high_resolution_r.png,335.jpg,1200,800,126290
336,wide_gym_scene_triptych_composite_image_with_three.png,336.jpg,1200,800,135660
337,wide_gym_scene_triptych_composite_of_a_muscular_yo.png,337.jpg,1200,800,141694
338,wide_gym_scene_triptych_image_three_panel_sequenc.png,338.jpg,1200,800,133478
339,wide_high_resolution_composite_instructional_fitn.png,339.jpg,1200,800,144495
340,wide_high_resolution_gym_instructional_collage_sc.png,340.jpg,1200,800,120182
341,wide_high_resolution_triptych_three_panel_gym_ins.png,341.jpg,1200,800,130691
342,wide_instructional_collage_image_in_a_modern_gym.png,342.jpg,1200,800,108491
343,wide_multi_panel_gym_instructional_collage_a_clea.png,343.jpg,1200,800,118326
344,wide_multi_panel_gym_instructional_composite_image.png,344.jpg,1200,800,146641
345,wide_multi_panel_instructional_gym_scene_in_a_clea.png,345.jpg,1200,800,126720
346,wide_panoramic_gym_instructional_collage_scene_ov.png,346.jpg,1200,800,119885
347,wide_panoramic_triptych_gym_instructional_style_im.png,347.jpg,1200,800,123286
348,wide_professional_gym_photo_composite_collage_sce.png,348.jpg,1200,800,140458
